url,type
https://steelgroup.az/catalog/-a-dayaqlar-uclar/,категория
https://steelgroup.az/catalog/-bucaql-boru/,категория
https://steelgroup.az/catalog/-m-n-hasarlar/,категория
https://steelgroup.az/catalog/-t-n-ipi/,категория
https://steelgroup.az/catalog/-tirak-lar/,категория
https://steelgroup.az/catalog/a-nd-r-c-madd-l-r/,категория
https://steelgroup.az/catalog/a-nd-r-c-toz/,категория
https://steelgroup.az/catalog/a-r-rintil-r-volfram-nikel-d-mir/,категория
https://steelgroup.az/catalog/abs-plastik/,категория
https://steelgroup.az/catalog/al-minium/,категория
https://steelgroup.az/catalog/al-minium-alt-bucaql/,категория
https://steelgroup.az/catalog/al-minium-b-zm-li-t-b-q/,категория
https://steelgroup.az/catalog/al-minium-boru/,категория
https://steelgroup.az/catalog/al-minium-dair/,категория
https://steelgroup.az/catalog/al-minium-fi/,категория
https://steelgroup.az/catalog/al-minium-flan/,категория
https://steelgroup.az/catalog/al-minium-folqa/,категория
https://steelgroup.az/catalog/al-minium-kanal/,категория
https://steelgroup.az/catalog/al-minium-mesh/,категория
https://steelgroup.az/catalog/al-minium-radiatorlar/,категория
https://steelgroup.az/catalog/al-minium-tel/,категория
https://steelgroup.az/catalog/ala-ml-q-z-lg-l/,категория
https://steelgroup.az/catalog/alt-bucaql/,категория
https://steelgroup.az/catalog/alt-bucaql-bu/,категория
https://steelgroup.az/catalog/alt-bucaql-paslanmayan-polad/,категория
https://steelgroup.az/catalog/alumel/,категория
https://steelgroup.az/catalog/amerikal-birl-m/,категория
https://steelgroup.az/catalog/anodizasiya/,категория
https://steelgroup.az/catalog/ap-edilmi-zolaq-lyon/,категория
https://steelgroup.az/catalog/ap-teli/,категория
https://steelgroup.az/catalog/apar-c-dair/,категория
https://steelgroup.az/catalog/aparat/,категория
https://steelgroup.az/catalog/asbest-polad-t-b-q-krengelit/,категория
https://steelgroup.az/catalog/asbest-sement-borusu-xrizotil-sement-borusu/,категория
https://steelgroup.az/catalog/asbest-sement-t-b-q-si/,категория
https://steelgroup.az/catalog/asma-konstruksiyalar-n-b-rkidicil-r/,категория
https://steelgroup.az/catalog/astar-n-b-rkidilm-si-astarlanmas/,категория
https://steelgroup.az/catalog/at-ma/,категория
https://steelgroup.az/catalog/atlar-n-istehsal-istehsal/,категория
https://steelgroup.az/catalog/atlayan-boru/,категория
https://steelgroup.az/catalog/avadanl-q-istehsal/,категория
https://steelgroup.az/catalog/avro-piket-hasar/,категория
https://steelgroup.az/catalog/avropa/,категория
https://steelgroup.az/catalog/avtobus-dayanacaqlar/,категория
https://steelgroup.az/catalog/b-k-lm-d-ng-l-rin-istehsal/,категория
https://steelgroup.az/catalog/b-k-lm-mesh/,категория
https://steelgroup.az/catalog/b-k-lm-profil/,категория
https://steelgroup.az/catalog/b-r-nc/,категория
https://steelgroup.az/catalog/b-r-nc-alt-bucaql/,категория
https://steelgroup.az/catalog/b-r-nc-boru/,категория
https://steelgroup.az/catalog/b-r-nc-dair/,категория
https://steelgroup.az/catalog/b-r-nc-flan/,категория
https://steelgroup.az/catalog/b-r-nc-folqa/,категория
https://steelgroup.az/catalog/b-r-nc-k-l-/,категория
https://steelgroup.az/catalog/b-r-nc-klapan/,категория
https://steelgroup.az/catalog/b-r-nc-kollar/,категория
https://steelgroup.az/catalog/b-r-nc-mesh/,категория
https://steelgroup.az/catalog/b-r-nc-tel/,категория
https://steelgroup.az/catalog/b-r-nc-ti-rt/,категория
https://steelgroup.az/catalog/b-r-nc-yilm-l-r/,категория
https://steelgroup.az/catalog/b-rpa-b-rpa-t-mir/,категория
https://steelgroup.az/catalog/ba-lama/,категория
https://steelgroup.az/catalog/ba-lama-klapan-paslanmayan-polad/,категория
https://steelgroup.az/catalog/ba-lay-c-klapan-titan-klapan/,категория
https://steelgroup.az/catalog/ba-lay-c-klapanlar/,категория
https://steelgroup.az/catalog/babbitt-donuzlar/,категория
https://steelgroup.az/catalog/babbitt-tozu/,категория
https://steelgroup.az/catalog/baca-borusu/,категория
https://steelgroup.az/catalog/baca-borusu-qaz-il/,категория
https://steelgroup.az/catalog/baca-deflektoru/,категория
https://steelgroup.az/catalog/baca-ke-idi/,категория
https://steelgroup.az/catalog/baca-qur-usu/,категория
https://steelgroup.az/catalog/baca-tapas/,категория
https://steelgroup.az/catalog/baca-tee/,категория
https://steelgroup.az/catalog/baca-tiri/,категория
https://steelgroup.az/catalog/baca-x-/,категория
https://steelgroup.az/catalog/baca-yoxlamas-90/,категория
https://steelgroup.az/catalog/bacalar/,категория
https://steelgroup.az/catalog/bahar-istehsal/,категория
https://steelgroup.az/catalog/berilyum/,категория
https://steelgroup.az/catalog/bezi-qabla-d-rmas/,категория
https://steelgroup.az/catalog/bimetal-t-b-q/,категория
https://steelgroup.az/catalog/bimetalik-borular/,категория
https://steelgroup.az/catalog/bimetalik-lent/,категория
https://steelgroup.az/catalog/bimetalik-tel/,категория
https://steelgroup.az/catalog/bimetalik-zolaq/,категория
https://steelgroup.az/catalog/bir-s-ra-tikanl-m-ftil/,категория
https://steelgroup.az/catalog/birl-dirici-borular/,категория
https://steelgroup.az/catalog/birlik/,категория
https://steelgroup.az/catalog/bizmut-donuz/,категория
https://steelgroup.az/catalog/bo-ata/,категория
https://steelgroup.az/catalog/bolt/,категория
https://steelgroup.az/catalog/boru-filial/,категория
https://steelgroup.az/catalog/boru-izolyasiyas-polimer-lent-v-film-mastik/,категория
https://steelgroup.az/catalog/boru-k-m-ri-d-st-kl-ri/,категория
https://steelgroup.az/catalog/boru-k-m-ri-nasos-kompressor/,категория
https://steelgroup.az/catalog/boru-metal-m-hsullar/,категория
https://steelgroup.az/catalog/boru-muftalar-q-f-llar-borulara-adapterl-r/,категория
https://steelgroup.az/catalog/boru-soyuq-formadad-r/,категория
https://steelgroup.az/catalog/boru-t-b-q-si-y-n/,категория
https://steelgroup.az/catalog/boru-tapas-b-r-nc/,категория
https://steelgroup.az/catalog/borular-aras-laq/,категория
https://steelgroup.az/catalog/borular-n-dekorativ-plastik-t-xac/,категория
https://steelgroup.az/catalog/borular-n-qazma-borular-n-n-t-miri/,категория
https://steelgroup.az/catalog/borular-n-t-mizl-nm-si-soyulmas/,категория
https://steelgroup.az/catalog/borular-n-yoxlan-lmas/,категория
https://steelgroup.az/catalog/bu-a-istixanas/,категория
https://steelgroup.az/catalog/bu-dair-si/,категория
https://steelgroup.az/catalog/bu-fitinql-ri/,категория
https://steelgroup.az/catalog/bu-v-r-qi/,категория
https://steelgroup.az/catalog/bu-yilir/,категория
https://steelgroup.az/catalog/bucaq-yilmi-soyuq-haddelenmi/,категория
https://steelgroup.az/catalog/buxar-t-l-l-ri/,категория
https://steelgroup.az/catalog/chromel/,категория
https://steelgroup.az/catalog/collet/,категория
https://steelgroup.az/catalog/cupronickel/,категория
https://steelgroup.az/catalog/d-bel/,категория
https://steelgroup.az/catalog/d-mir/,категория
https://steelgroup.az/catalog/d-mir-beton-boru/,категория
https://steelgroup.az/catalog/d-mir-tozu/,категория
https://steelgroup.az/catalog/d-mir-yolu-ba-lay-c-lar/,категория
https://steelgroup.az/catalog/d-mir-yolu-frezeleme/,категория
https://steelgroup.az/catalog/d-mir-yolu-relsl-ri/,категория
https://steelgroup.az/catalog/d-qiq-lehimli-tel/,категория
https://steelgroup.az/catalog/d-rnaq-il-z-mbalar/,категория
https://steelgroup.az/catalog/d-rnaq-teli/,категория
https://steelgroup.az/catalog/d-rnaqlar/,категория
https://steelgroup.az/catalog/d-y-lm-boru/,категория
https://steelgroup.az/catalog/d-yirmi-d-ym/,категория
https://steelgroup.az/catalog/d-yirmi-tir/,категория
https://steelgroup.az/catalog/d-ym/,категория
https://steelgroup.az/catalog/d-ym-saxta-v-r-q/,категория
https://steelgroup.az/catalog/d-z-oval-boru/,категория
https://steelgroup.az/catalog/d-zbucaql-s-sbo-ucu/,категория
https://steelgroup.az/catalog/dair-vi-lav/,категория
https://steelgroup.az/catalog/dam-rt-y/,категория
https://steelgroup.az/catalog/dam-rt-y-silsil-si/,категория
https://steelgroup.az/catalog/dam-v-fasad/,категория
https://steelgroup.az/catalog/delikli-plit-l-r/,категория
https://steelgroup.az/catalog/delikli-zolaq/,категория
https://steelgroup.az/catalog/dibl-r/,категория
https://steelgroup.az/catalog/dibl-rin-istehsal/,категория
https://steelgroup.az/catalog/dirs-kl-r/,категория
https://steelgroup.az/catalog/drenaj-borusu/,категория
https://steelgroup.az/catalog/drenaj-hunisi/,категория
https://steelgroup.az/catalog/edm/,категория
https://steelgroup.az/catalog/elektrik-s-r-c-s/,категория
https://steelgroup.az/catalog/elektrodlar/,категория
https://steelgroup.az/catalog/erit-istehsal/,категория
https://steelgroup.az/catalog/evik-istilik-izolyasiyas/,категория
https://steelgroup.az/catalog/evik-lav-yum-aq-d-zbucaql/,категория
https://steelgroup.az/catalog/evl-ri-d-yi-dirin-konteynerl-ri-bloklay-n/,категория
https://steelgroup.az/catalog/f-rt-na-suyu-giri-i/,категория
https://steelgroup.az/catalog/faktura/,категория
https://steelgroup.az/catalog/fechral-folqa/,категория
https://steelgroup.az/catalog/fi-l-rin-haz-rlanmas/,категория
https://steelgroup.az/catalog/fiberglas/,категория
https://steelgroup.az/catalog/fiberglas-boru/,категория
https://steelgroup.az/catalog/fiberglas-k-nc/,категория
https://steelgroup.az/catalog/fiberglas-m-hk-ml-ndirilm-si/,категория
https://steelgroup.az/catalog/fiberglas-mesh-kompozit-bazalt-plastik/,категория
https://steelgroup.az/catalog/fiberglas-profilli-boru/,категория
https://steelgroup.az/catalog/fiberglas-ubuqlar/,категория
https://steelgroup.az/catalog/filtr/,категория
https://steelgroup.az/catalog/fitinql-r/,категория
https://steelgroup.az/catalog/fl-oroplastik-plit-l-r/,категория
https://steelgroup.az/catalog/fl-oroplastik-ubuq/,категория
https://steelgroup.az/catalog/flan-l-contalar/,категория
https://steelgroup.az/catalog/flan-lar/,категория
https://steelgroup.az/catalog/fosfat-oksidi-rt-y/,категория
https://steelgroup.az/catalog/fosfatla-d-rma/,категория
https://steelgroup.az/catalog/futorka/,категория
https://steelgroup.az/catalog/g-m-/,категория
https://steelgroup.az/catalog/g-rginlik-k-m-ri/,категория
https://steelgroup.az/catalog/gabion-mesh/,категория
https://steelgroup.az/catalog/gates/,категория
https://steelgroup.az/catalog/germanium/,категория
https://steelgroup.az/catalog/getinax-borusu/,категория
https://steelgroup.az/catalog/getinax-yarpa-/,категория
https://steelgroup.az/catalog/gilyotin-k-simi/,категория
https://steelgroup.az/catalog/gips-mesh/,категория
https://steelgroup.az/catalog/haddelenmi-metal-m-mulatlar/,категория
https://steelgroup.az/catalog/hafnium/,категория
https://steelgroup.az/catalog/hava-kanal-dair-vi/,категория
https://steelgroup.az/catalog/hava-kanal-deflektoru/,категория
https://steelgroup.az/catalog/hava-kanal-m-m-mufta/,категория
https://steelgroup.az/catalog/hava-kanallar/,категория
https://steelgroup.az/catalog/hava-kanallar-ke-ir/,категория
https://steelgroup.az/catalog/havaland-rma-n-hava-kanallar-d-zbucaql/,категория
https://steelgroup.az/catalog/havaland-rma-qur-ular/,категория
https://steelgroup.az/catalog/havaland-rma-t-xaclar/,категория
https://steelgroup.az/catalog/havaland-rma-tee/,категория
https://steelgroup.az/catalog/havaland-rma-tiri-d-zbucaql/,категория
https://steelgroup.az/catalog/havaland-rma-x-d-zbucaql/,категория
https://steelgroup.az/catalog/hdpe-boru-polietilen-pe/,категория
https://steelgroup.az/catalog/i-a/,категория
https://steelgroup.az/catalog/i-k-yataqlar/,категория
https://steelgroup.az/catalog/iber/,категория
https://steelgroup.az/catalog/ifer/,категория
https://steelgroup.az/catalog/im-rlik-kabinl-ri/,категория
https://steelgroup.az/catalog/in-tel/,категория
https://steelgroup.az/catalog/inconel/,категория
https://steelgroup.az/catalog/istilik-izolyasiyas/,категория
https://steelgroup.az/catalog/jut-ipi/,категория
https://steelgroup.az/catalog/k-i-qlar/,категория
https://steelgroup.az/catalog/k-nc-bu/,категория
https://steelgroup.az/catalog/kabel-qapaqlar/,категория
https://steelgroup.az/catalog/kadmium/,категория
https://steelgroup.az/catalog/kadmium-anodlar/,категория
https://steelgroup.az/catalog/kafes-dir-kl-rinin-istehsal-istehsal/,категория
https://steelgroup.az/catalog/kal-p-haz-rlanmas/,категория
https://steelgroup.az/catalog/kanal-bu/,категория
https://steelgroup.az/catalog/kanal-giri-i-d-zbucaql/,категория
https://steelgroup.az/catalog/kanal-ke-idi/,категория
https://steelgroup.az/catalog/kanal-x-d-yirmi/,категория
https://steelgroup.az/catalog/kanal-yilmi-soyuq-haddelenmi/,категория
https://steelgroup.az/catalog/kapilyar-boru/,категория
https://steelgroup.az/catalog/kaprolon-bo-qab/,категория
https://steelgroup.az/catalog/kaprolon-ubuqlar/,категория
https://steelgroup.az/catalog/karbon-m-ftil/,категория
https://steelgroup.az/catalog/kau-uk-birl-m-l-ri/,категория
https://steelgroup.az/catalog/ke-id-polad/,категория
https://steelgroup.az/catalog/ke-idl-r/,категория
https://steelgroup.az/catalog/keson/,категория
https://steelgroup.az/catalog/kilid-qoz/,категория
https://steelgroup.az/catalog/kimy-vi-analiz/,категория
https://steelgroup.az/catalog/kiqat-z-ng/,категория
https://steelgroup.az/catalog/klapanlar/,категория
https://steelgroup.az/catalog/kobalt/,категория
https://steelgroup.az/catalog/kobalt-tozu/,категория
https://steelgroup.az/catalog/kol-barmaq-muftas-muvp-z-kl-ri/,категория
https://steelgroup.az/catalog/koleno/,категория
https://steelgroup.az/catalog/kollar/,категория
https://steelgroup.az/catalog/kompensatorlar/,категория
https://steelgroup.az/catalog/kompozit-plit-l-r/,категория
https://steelgroup.az/catalog/konservl-dirilmi-m-ftil-sar-gost-9124-85/,категория
https://steelgroup.az/catalog/konteyner-saytlar/,категория
https://steelgroup.az/catalog/konveyer-k-m-rl-rinin-birl-m-l-ri/,категория
https://steelgroup.az/catalog/korpus/,категория
https://steelgroup.az/catalog/korpus-muftalar/,категория
https://steelgroup.az/catalog/korroziyaya-qar-izolyasiya/,категория
https://steelgroup.az/catalog/kran-relsl-ri/,категория
https://steelgroup.az/catalog/krest/,категория
https://steelgroup.az/catalog/kriogen-partlay-/,категория
https://steelgroup.az/catalog/kvadrat-bu/,категория
https://steelgroup.az/catalog/kvadrat-d-ym/,категория
https://steelgroup.az/catalog/lanqlar/,категория
https://steelgroup.az/catalog/lantan-k-l-si-par-a/,категория
https://steelgroup.az/catalog/lantan-tozu/,категория
https://steelgroup.az/catalog/lanyard/,категория
https://steelgroup.az/catalog/larsen-dili-v-yiv/,категория
https://steelgroup.az/catalog/lehiml-m-ax-n/,категория
https://steelgroup.az/catalog/lvan-metal-rintil-ri/,категория
https://steelgroup.az/catalog/m-hk-ml-ndirici-lif/,категория
https://steelgroup.az/catalog/m-hk-ml-ndirici-s-xac/,категория
https://steelgroup.az/catalog/m-m/,категория
https://steelgroup.az/catalog/m-nzil-v-kommunal-xidm-tl-r-n-m-hsullar-memarl-q-elementl-ri/,категория
https://steelgroup.az/catalog/m-t-riz/,категория
https://steelgroup.az/catalog/manier-mesh-burulmu/,категория
https://steelgroup.az/catalog/manqan/,категория
https://steelgroup.az/catalog/maqnezium/,категория
https://steelgroup.az/catalog/maye-istilik-izolyasiyas/,категория
https://steelgroup.az/catalog/mesh-qol-tor-qol/,категория
https://steelgroup.az/catalog/metal-cilalama/,категория
https://steelgroup.az/catalog/metal-emal/,категория
https://steelgroup.az/catalog/metal-hasarlar/,категория
https://steelgroup.az/catalog/metal-ifer/,категория
https://steelgroup.az/catalog/metal-k-sm/,категория
https://steelgroup.az/catalog/metal-kafel/,категория
https://steelgroup.az/catalog/metal-kalibrl-m/,категория
https://steelgroup.az/catalog/metal-konstruksiyalar-n-istehsal/,категория
https://steelgroup.az/catalog/metal-n-g-m-l-dirilm-si/,категория
https://steelgroup.az/catalog/metal-plastik-borular/,категория
https://steelgroup.az/catalog/metal-profill-r-n-b-rkidicil-r/,категория
https://steelgroup.az/catalog/metal-qazma/,категория
https://steelgroup.az/catalog/metal-qollar/,категория
https://steelgroup.az/catalog/metal-r-fl-r/,категория
https://steelgroup.az/catalog/metal-r-ngl-m/,категория
https://steelgroup.az/catalog/metal-sink/,категория
https://steelgroup.az/catalog/metal-t-km/,категория
https://steelgroup.az/catalog/metal-yilm/,категория
https://steelgroup.az/catalog/metalizasiya-v-kimy-vi-termik-m-alic/,категория
https://steelgroup.az/catalog/metallurgiya-xammal/,категория
https://steelgroup.az/catalog/mina-borusu-evik-ventilyasiya/,категория
https://steelgroup.az/catalog/mis/,категория
https://steelgroup.az/catalog/mis-alt-bucaql/,категория
https://steelgroup.az/catalog/mis-anod/,категория
https://steelgroup.az/catalog/mis-borular/,категория
https://steelgroup.az/catalog/mis-dair/,категория
https://steelgroup.az/catalog/mis-dam-rt-y/,категория
https://steelgroup.az/catalog/mis-donuz/,категория
https://steelgroup.az/catalog/mis-flan-lar/,категория
https://steelgroup.az/catalog/mis-katodlar/,категория
https://steelgroup.az/catalog/mis-ke-idl-ri/,категория
https://steelgroup.az/catalog/mis-kran/,категория
https://steelgroup.az/catalog/mis-m-ftil/,категория
https://steelgroup.az/catalog/mis-mesh/,категория
https://steelgroup.az/catalog/mis-t-xac/,категория
https://steelgroup.az/catalog/mis-ti-rt/,категория
https://steelgroup.az/catalog/mis-ubuq-zolaq/,категория
https://steelgroup.az/catalog/mis-xa-lar/,категория
https://steelgroup.az/catalog/molibden/,категория
https://steelgroup.az/catalog/molibden-boru/,категория
https://steelgroup.az/catalog/molibden-folqa/,категория
https://steelgroup.az/catalog/molibden-tozu/,категория
https://steelgroup.az/catalog/n-mun-l-r-v-ya-ertyojlara-uy-un-olaraq-sifari-verm-k-n-rti/,категория
https://steelgroup.az/catalog/ndium-metal/,категория
https://steelgroup.az/catalog/net/,категория
https://steelgroup.az/catalog/nikel/,категория
https://steelgroup.az/catalog/nikel-anod/,категория
https://steelgroup.az/catalog/nikel-folqa/,категория
https://steelgroup.az/catalog/nikel-m-ftil/,категория
https://steelgroup.az/catalog/nikel-rt-k/,категория
https://steelgroup.az/catalog/nikrom-bo-qab-t-b-q/,категория
https://steelgroup.az/catalog/nikrom-dair-si/,категория
https://steelgroup.az/catalog/nikrom-folqa/,категория
https://steelgroup.az/catalog/nikrom-ip/,категория
https://steelgroup.az/catalog/nikrom-kvadrat/,категория
https://steelgroup.az/catalog/nikrom-lent/,категория
https://steelgroup.az/catalog/nikrom-mesh/,категория
https://steelgroup.az/catalog/nikrom-tel/,категория
https://steelgroup.az/catalog/nikrom-yuvarland/,категория
https://steelgroup.az/catalog/niobium/,категория
https://steelgroup.az/catalog/niobium-folqa/,категория
https://steelgroup.az/catalog/nmzhmts28-monel-folqa/,категория
https://steelgroup.az/catalog/oluk/,категория
https://steelgroup.az/catalog/oluk-axmas/,категория
https://steelgroup.az/catalog/oluk-ba-lay-c-s/,категория
https://steelgroup.az/catalog/oluk-buca-/,категория
https://steelgroup.az/catalog/oluk-tapas/,категория
https://steelgroup.az/catalog/oluk-tutaca-m-t-riz-ng-l/,категория
https://steelgroup.az/catalog/oluk-x-/,категория
https://steelgroup.az/catalog/oluklu-boru-spiral-b-k-lm-/,категория
https://steelgroup.az/catalog/oluklu-mesh/,категория
https://steelgroup.az/catalog/oluklu-paslanmayan-polad-boru/,категория
https://steelgroup.az/catalog/oluklu-t-b-q/,категория
https://steelgroup.az/catalog/p-sapanlar-t-ba-irl-r/,категория
https://steelgroup.az/catalog/p-teli/,категория
https://steelgroup.az/catalog/paltaryuyan/,категория
https://steelgroup.az/catalog/panel-s-xaclar/,категория
https://steelgroup.az/catalog/par-a-istehsal/,категория
https://steelgroup.az/catalog/paronit/,категория
https://steelgroup.az/catalog/paslanmayan-borular-n-istehsal/,категория
https://steelgroup.az/catalog/paslanmayan-k-l-/,категория
https://steelgroup.az/catalog/paslanmayan-polad-boru/,категория
https://steelgroup.az/catalog/paslanmayan-polad-d-ng-l-r/,категория
https://steelgroup.az/catalog/paslanmayan-polad-dair/,категория
https://steelgroup.az/catalog/paslanmayan-polad-fi/,категория
https://steelgroup.az/catalog/paslanmayan-polad-flan-lar/,категория
https://steelgroup.az/catalog/paslanmayan-polad-folqa/,категория
https://steelgroup.az/catalog/paslanmayan-polad-ip/,категория
https://steelgroup.az/catalog/paslanmayan-polad-k-nc/,категория
https://steelgroup.az/catalog/paslanmayan-polad-kanal/,категория
https://steelgroup.az/catalog/paslanmayan-polad-ke-id/,категория
https://steelgroup.az/catalog/paslanmayan-polad-klapan/,категория
https://steelgroup.az/catalog/paslanmayan-polad-kol/,категория
https://steelgroup.az/catalog/paslanmayan-polad-kvadrat/,категория
https://steelgroup.az/catalog/paslanmayan-polad-lent/,категория
https://steelgroup.az/catalog/paslanmayan-polad-lyuk/,категория
https://steelgroup.az/catalog/paslanmayan-polad-n-rdivan/,категория
https://steelgroup.az/catalog/paslanmayan-polad-profil-boru/,категория
https://steelgroup.az/catalog/paslanmayan-polad-t-b-q/,категория
https://steelgroup.az/catalog/paslanmayan-polad-tel/,категория
https://steelgroup.az/catalog/paslanmayan-polad-zolaq/,категория
https://steelgroup.az/catalog/paslanmayan-poladdan-b-zm-li-t-b-q/,категория
https://steelgroup.az/catalog/paslanmayan-poladdan-i-a/,категория
https://steelgroup.az/catalog/paslanmayan-poladdan-ti-rt/,категория
https://steelgroup.az/catalog/paslanmayan-xa-lar/,категория
https://steelgroup.az/catalog/paslanmaz-polad/,категория
https://steelgroup.az/catalog/passivasiya/,категория
https://steelgroup.az/catalog/paxlama/,категория
https://steelgroup.az/catalog/per-inl-r/,категория
https://steelgroup.az/catalog/perforasiya-edilmi-t-b-q/,категория
https://steelgroup.az/catalog/piket-hasar-n-n-edilm-si/,категория
https://steelgroup.az/catalog/pin/,категория
https://steelgroup.az/catalog/pirin/,категория
https://steelgroup.az/catalog/pirin-alt-bucaql/,категория
https://steelgroup.az/catalog/pirin-boru/,категория
https://steelgroup.az/catalog/pirin-dair/,категория
https://steelgroup.az/catalog/pirin-donuz/,категория
https://steelgroup.az/catalog/pirin-folqa/,категория
https://steelgroup.az/catalog/pirin-ke-id/,категория
https://steelgroup.az/catalog/pirin-klapan/,категория
https://steelgroup.az/catalog/pirin-kol/,категория
https://steelgroup.az/catalog/pirin-mesh/,категория
https://steelgroup.az/catalog/pirin-tel/,категория
https://steelgroup.az/catalog/pirin-ti-rt/,категория
https://steelgroup.az/catalog/pirin-xa/,категория
https://steelgroup.az/catalog/pirin-yilm-l-r/,категория
https://steelgroup.az/catalog/plastik-n-rdivan/,категория
https://steelgroup.az/catalog/plastik-s-xac/,категория
https://steelgroup.az/catalog/pleksiqlas-t-b-q/,категория
https://steelgroup.az/catalog/plexiglas-boru/,категория
https://steelgroup.az/catalog/plit-l-rd-istilik-izolyasiyas/,категория
https://steelgroup.az/catalog/polad-dair/,категория
https://steelgroup.az/catalog/polad-ip/,категория
https://steelgroup.az/catalog/polad-klapan/,категория
https://steelgroup.az/catalog/polad-kol/,категория
https://steelgroup.az/catalog/polad-kvadrat/,категория
https://steelgroup.az/catalog/polad-lent/,категория
https://steelgroup.az/catalog/polad-qap-klapan/,категория
https://steelgroup.az/catalog/polad-radiatorlar/,категория
https://steelgroup.az/catalog/polad-sap/,категория
https://steelgroup.az/catalog/polad-ti-rt/,категория
https://steelgroup.az/catalog/polad-xa/,категория
https://steelgroup.az/catalog/polad-zolaq/,категория
https://steelgroup.az/catalog/poliamid-ip/,категория
https://steelgroup.az/catalog/poliasetal-t-b-q/,категория
https://steelgroup.az/catalog/poliasetal-ubuqlar/,категория
https://steelgroup.az/catalog/polibuten-boru/,категория
https://steelgroup.az/catalog/polietilen-t-b-q/,категория
https://steelgroup.az/catalog/polikarbonat-borular/,категория
https://steelgroup.az/catalog/polikarbonat-ubuqlar/,категория
https://steelgroup.az/catalog/polimer-lyuk/,категория
https://steelgroup.az/catalog/polimer-rt-kl-b-zm-li-t-b-q/,категория
https://steelgroup.az/catalog/polimer-rt-kl-tel/,категория
https://steelgroup.az/catalog/polimer-t-b-q/,категория
https://steelgroup.az/catalog/polipropilen-borular/,категория
https://steelgroup.az/catalog/polipropilen-ip/,категория
https://steelgroup.az/catalog/poliuretan-zolaq/,категория
https://steelgroup.az/catalog/poliuretandan-haz-rlanm-m-hsullar/,категория
https://steelgroup.az/catalog/profil-borusu/,категория
https://steelgroup.az/catalog/prokat-al-minium-istehsal/,категория
https://steelgroup.az/catalog/pvc-boru-polivinilxlorid/,категория
https://steelgroup.az/catalog/pvc-izolyasiya/,категория
https://steelgroup.az/catalog/pvc-ke-id/,категория
https://steelgroup.az/catalog/pvc-qol/,категория
https://steelgroup.az/catalog/pvc-ubuq/,категория
https://steelgroup.az/catalog/pvl-geni-l-nmi-metal-t-b-q/,категория
https://steelgroup.az/catalog/q-sqac/,категория
https://steelgroup.az/catalog/q-z-l/,категория
https://steelgroup.az/catalog/qab-q-borusu/,категория
https://steelgroup.az/catalog/qalay/,категория
https://steelgroup.az/catalog/qalay-anodlar/,категория
https://steelgroup.az/catalog/qalay-dair/,категория
https://steelgroup.az/catalog/qalay-donuzlar/,категория
https://steelgroup.az/catalog/qalay-t-b-q/,категория
https://steelgroup.az/catalog/qalay-tel/,категория
https://steelgroup.az/catalog/qald-r-c-avadanl-q/,категория
https://steelgroup.az/catalog/qald-rma-mexanizml-ri/,категория
https://steelgroup.az/catalog/qar-qoruyucular/,категория
https://steelgroup.az/catalog/qara-ubuqlar/,категория
https://steelgroup.az/catalog/qaynaq-i-l-ri-qaynaq/,категория
https://steelgroup.az/catalog/qaynaq-materiallar/,категория
https://steelgroup.az/catalog/qaynaq-teli/,категория
https://steelgroup.az/catalog/qaynaqlanm-boru/,категория
https://steelgroup.az/catalog/qaynaqlanm-polad-mesh/,категория
https://steelgroup.az/catalog/qaz-klapan/,категория
https://steelgroup.az/catalog/qaz-lm-svaylar-n-istehsal/,категория
https://steelgroup.az/catalog/qazan-adapteri/,категория
https://steelgroup.az/catalog/qazan-borusu/,категория
https://steelgroup.az/catalog/qazan-borusu-fin-hpt/,категория
https://steelgroup.az/catalog/qazl-uqun-xal-a/,категория
https://steelgroup.az/catalog/qazma-borular/,категория
https://steelgroup.az/catalog/qiym-tli-metallar/,категория
https://steelgroup.az/catalog/qucaqlar/,категория
https://steelgroup.az/catalog/qumlama-metal/,категория
https://steelgroup.az/catalog/qur-u-un/,категория
https://steelgroup.az/catalog/qur-u-un-anodlar/,категория
https://steelgroup.az/catalog/qur-u-un-borular/,категория
https://steelgroup.az/catalog/qur-u-un-donuz/,категория
https://steelgroup.az/catalog/qur-u-un-folqa/,категория
https://steelgroup.az/catalog/qur-u-un-k-rpic/,категория
https://steelgroup.az/catalog/qur-u-un-tel/,категория
https://steelgroup.az/catalog/qura-d-r-lm-hiss-l-r/,категория
https://steelgroup.az/catalog/qura-d-rma-yuvas/,категория
https://steelgroup.az/catalog/r-f-elementl-ri/,категория
https://steelgroup.az/catalog/r-fl-rin-istehsal/,категория
https://steelgroup.az/catalog/r-ng-yuvarlanmas/,категория
https://steelgroup.az/catalog/rabitz/,категория
https://steelgroup.az/catalog/radiator-ekranlar/,категория
https://steelgroup.az/catalog/radiator-fi/,категория
https://steelgroup.az/catalog/relsl-r-b-rkidicil-r/,категория
https://steelgroup.az/catalog/renium/,категория
https://steelgroup.az/catalog/rezin-q-r-nt/,категория
https://steelgroup.az/catalog/rezin-rt-kl-r/,категория
https://steelgroup.az/catalog/rezinl-dirilmi-par-a/,категория
https://steelgroup.az/catalog/rg-tel/,категория
https://steelgroup.az/catalog/rolikl-r/,категория
https://steelgroup.az/catalog/rti/,категория
https://steelgroup.az/catalog/rti-borular/,категория
https://steelgroup.az/catalog/rti-k-m-rl-ri-konveyer/,категория
https://steelgroup.az/catalog/rti-k-m-rl-ri-s-r-c-l-k/,категория
https://steelgroup.az/catalog/rti-kollar/,категория
https://steelgroup.az/catalog/rti-l-vh-l-ri/,категория
https://steelgroup.az/catalog/rti-m-h-r/,категория
https://steelgroup.az/catalog/rti-m-hsullar-q-libl-nmi/,категория
https://steelgroup.az/catalog/rti-man-etl-ri/,категория
https://steelgroup.az/catalog/rti-qolu/,категория
https://steelgroup.az/catalog/rti-z-kl-ri/,категория
https://steelgroup.az/catalog/rulonlar-n-istehsal/,категория
https://steelgroup.az/catalog/s-ng-r-titan/,категория
https://steelgroup.az/catalog/s-rm/,категория
https://steelgroup.az/catalog/s-rm-donuz/,категория
https://steelgroup.az/catalog/s-sbo-ucu-d-yirmi/,категория
https://steelgroup.az/catalog/s-thi-tel/,категория
https://steelgroup.az/catalog/sac-metal/,категория
https://steelgroup.az/catalog/sac-metal-qalay/,категория
https://steelgroup.az/catalog/sandvi-panell-r/,категория
https://steelgroup.az/catalog/sas-boru/,категория
https://steelgroup.az/catalog/selenium/,категория
https://steelgroup.az/catalog/silecekl-r/,категория
https://steelgroup.az/catalog/silikon/,категория
https://steelgroup.az/catalog/silindrl-r-cilpebs/,категория
https://steelgroup.az/catalog/sink/,категория
https://steelgroup.az/catalog/sink-anodlar/,категория
https://steelgroup.az/catalog/sink-donuz/,категория
https://steelgroup.az/catalog/sink-tel/,категория
https://steelgroup.az/catalog/sink-ubu-u-dair-l-r/,категория
https://steelgroup.az/catalog/sinkl-nm/,категория
https://steelgroup.az/catalog/sinkl-nmi-b-zm-li-t-b-q/,категория
https://steelgroup.az/catalog/sinkl-nmi-boru/,категория
https://steelgroup.az/catalog/sinkl-nmi-t-b-q/,категория
https://steelgroup.az/catalog/sinkl-nmi-tel/,категория
https://steelgroup.az/catalog/siqaret-pavilyonlar/,категория
https://steelgroup.az/catalog/sirkonium/,категория
https://steelgroup.az/catalog/sisal-ip/,категория
https://steelgroup.az/catalog/skamyalar/,категория
https://steelgroup.az/catalog/soyuq-ba-l-q-teli/,категория
https://steelgroup.az/catalog/soyuq-haddelenmi-t-b-q/,категория
https://steelgroup.az/catalog/sqony/,категория
https://steelgroup.az/catalog/stehsal/,категория
https://steelgroup.az/catalog/sti-formala-d-r-lm-boru/,категория
https://steelgroup.az/catalog/sti-haddelenmi-kanal/,категория
https://steelgroup.az/catalog/sti-yay-lm-k-nc/,категория
https://steelgroup.az/catalog/sti-yay-lm-t-b-q/,категория
https://steelgroup.az/catalog/stifad-olunmu-a/,категория
https://steelgroup.az/catalog/stifad-olunmu-boru/,категория
https://steelgroup.az/catalog/stifad-olunmu-profil-borusu/,категория
https://steelgroup.az/catalog/stilik-izolyasiya-qab-/,категория
https://steelgroup.az/catalog/stilik-radiatorlar/,категория
https://steelgroup.az/catalog/su-drenaj-dirs-k/,категория
https://steelgroup.az/catalog/su-jetli-lifti/,категория
https://steelgroup.az/catalog/sump/,категория
https://steelgroup.az/catalog/t-k-rl-r/,категория
https://steelgroup.az/catalog/t-mizl-nmi-qur-u-un/,категория
https://steelgroup.az/catalog/t-t-limi/,категория
https://steelgroup.az/catalog/ta-lama-toplar/,категория
https://steelgroup.az/catalog/tabs/,категория
https://steelgroup.az/catalog/talium/,категория
https://steelgroup.az/catalog/tantal-folqa/,категория
https://steelgroup.az/catalog/tantal-metal/,категория
https://steelgroup.az/catalog/tee-drenaj/,категория
https://steelgroup.az/catalog/tees/,категория
https://steelgroup.az/catalog/tekstil-sapanlar/,категория
https://steelgroup.az/catalog/tekstolit/,категория
https://steelgroup.az/catalog/tekstolit-ubuq/,категория
https://steelgroup.az/catalog/tel/,категория
https://steelgroup.az/catalog/tel-0-9-pnevmatik-s-xaclar-n/,категория
https://steelgroup.az/catalog/tel-panch-11/,категория
https://steelgroup.az/catalog/tel-ubuq/,категория
https://steelgroup.az/catalog/termoelektrod-tel/,категория
https://steelgroup.az/catalog/tikanl-hasar-d-z-lent/,категория
https://steelgroup.az/catalog/tikanl-m-ftil-spiral-oks/,категория
https://steelgroup.az/catalog/tikinti-materiallar/,категория
https://steelgroup.az/catalog/tikinti-tullant-anbar/,категория
https://steelgroup.az/catalog/tikinti-tullant-lar-n-m-t-riz/,категория
https://steelgroup.az/catalog/titan/,категория
https://steelgroup.az/catalog/titan-alt-bucaql/,категория
https://steelgroup.az/catalog/titan-borular/,категория
https://steelgroup.az/catalog/titan-d-ym-l-ri/,категория
https://steelgroup.az/catalog/titan-dair-si/,категория
https://steelgroup.az/catalog/titan-donuz/,категория
https://steelgroup.az/catalog/titan-folqa/,категория
https://steelgroup.az/catalog/titan-nitridi-p-sk-rtm-k/,категория
https://steelgroup.az/catalog/titan-tel/,категория
https://steelgroup.az/catalog/toxunmu-mesh/,категория
https://steelgroup.az/catalog/tozlar/,категория
https://steelgroup.az/catalog/tramvay-relsl-ri/,категория
https://steelgroup.az/catalog/trium/,категория
https://steelgroup.az/catalog/tspvs-mesh/,категория
https://steelgroup.az/catalog/tullant-qutular/,категория
https://steelgroup.az/catalog/ubuq-sanca-/,категория
https://steelgroup.az/catalog/uqun/,категория
https://steelgroup.az/catalog/uqun-borular/,категория
https://steelgroup.az/catalog/uqun-d-ng-si/,категория
https://steelgroup.az/catalog/uqun-dair-si/,категория
https://steelgroup.az/catalog/uqun-dirs-k/,категория
https://steelgroup.az/catalog/uqun-flan/,категория
https://steelgroup.az/catalog/uqun-girintisi/,категория
https://steelgroup.az/catalog/uqun-ke-idi/,категория
https://steelgroup.az/catalog/uqun-klapan/,категория
https://steelgroup.az/catalog/uqun-kvadrat/,категория
https://steelgroup.az/catalog/uqun-lyuk/,категория
https://steelgroup.az/catalog/uqun-n-rdivan/,категория
https://steelgroup.az/catalog/uqun-radiatorlar/,категория
https://steelgroup.az/catalog/uqun-t-b-q/,категория
https://steelgroup.az/catalog/uqun-t-xac/,категория
https://steelgroup.az/catalog/uqun-ti-rt/,категория
https://steelgroup.az/catalog/uqun-ubuq/,категория
https://steelgroup.az/catalog/uqun-xa/,категория
https://steelgroup.az/catalog/uqun-zolaq/,категория
https://steelgroup.az/catalog/valf-istehsal/,категория
https://steelgroup.az/catalog/vanadium/,категория
https://steelgroup.az/catalog/vanadium-folqa/,категория
https://steelgroup.az/catalog/velosiped-r-fl-ri/,категория
https://steelgroup.az/catalog/vgp-borusu-su-v-qaz-t-chizat/,категория
https://steelgroup.az/catalog/vida/,категория
https://steelgroup.az/catalog/vinil-plastik-t-b-q/,категория
https://steelgroup.az/catalog/vismut/,категория
https://steelgroup.az/catalog/volfram/,категория
https://steelgroup.az/catalog/volfram-borusu/,категория
https://steelgroup.az/catalog/volfram-dair-si/,категория
https://steelgroup.az/catalog/volfram-folqa/,категория
https://steelgroup.az/catalog/volfram-lenti/,категория
https://steelgroup.az/catalog/volfram-m-ftil/,категория
https://steelgroup.az/catalog/volfram-v-r-qi/,категория
https://steelgroup.az/catalog/volfram-zola-in/,категория
https://steelgroup.az/catalog/vr-1-kabeli/,категория
https://steelgroup.az/catalog/vv-lc-d-n-izolyasiya-edilmi-boru/,категория
https://steelgroup.az/catalog/vv-lc-d-n-izolyasiya-edilmi-istilik-izolyasiyas/,категория
https://steelgroup.az/catalog/x-susi-polad/,категория
https://steelgroup.az/catalog/xidm-tl-r/,категория
https://steelgroup.az/catalog/xrizotil-asbest-asbest-q-r-nt-s/,категория
https://steelgroup.az/catalog/xrom-metal/,категория
https://steelgroup.az/catalog/y-h-r/,категория
https://steelgroup.az/catalog/y-ks-k-keyfiyy-tli-tel-ks/,категория
https://steelgroup.az/catalog/yan-n-birl-dir-n-ba/,категория
https://steelgroup.az/catalog/yan-n-dayanaca-/,категория
https://steelgroup.az/catalog/yan-n-hidrant/,категория
https://steelgroup.az/catalog/yatanlar/,категория
https://steelgroup.az/catalog/yay-teli/,категория
https://steelgroup.az/catalog/yay-yuyucular-n-m-ftil-gost-11850-72/,категория
https://steelgroup.az/catalog/yivli-ubuq/,категория
https://steelgroup.az/catalog/yl-csiz-n-zar-t/,категория
https://steelgroup.az/catalog/yum-aq-insert-evik-yuvarlaq/,категория
https://steelgroup.az/catalog/z-n-vuran-vint/,категория
https://steelgroup.az/catalog/z-ncirl-r/,категория
https://steelgroup.az/catalog/z-ncirli-sapanlar/,категория
https://steelgroup.az/catalog/zaglushki/,категория
https://steelgroup.az/catalog/zgara/,категория
https://steelgroup.az/catalog/zibil-qablar/,категория
https://steelgroup.az/catalog/zibil-qutular/,категория
https://steelgroup.az/catalog/zirkonyum-folqa/,категория
https://steelgroup.az/catalog/zolaql-ampul/,категория
https://steelgroup.az/catalog/zolyasiya-flan-ba-lant-s/,категория
https://steelgroup.az/catalog/zolyasiya-n-film/,категория
